https://nichehubpro.com/how-to-reduce-stress-naturally,https://nichehubpro.com/articles/how-to-reduce-stress-naturally.html,301,TRUE,FALSE,FALSE,FALSE
https://nichehubpro.com/how-exercise-improves-mental-health,https://nichehubpro.com/articles/how-exercise-improves-mental-health.html,301,TRUE,FALSE,FALSE,FALSE
https://nichehubpro.com/benefits-of-magnesium-for-sleep-and-health,https://nichehubpro.com/articles/how-to-sleep-better-naturally.html,301,TRUE,FALSE,FALSE,FALSE
https://nichehubpro.com/healthy-habits-to-start-in-your-20s/,https://nichehubpro.com/healthy-lifestyle/,301,TRUE,FALSE,FALSE,FALSE
https://nichehubpro.com/signs-of-depression-in-adults/,https://nichehubpro.com/articles/signs-of-mental-exhaustion.html,301,TRUE,FALSE,FALSE,FALSE
https://nichehubpro.com/index.html,https://nichehubpro.com/,301,TRUE,FALSE,FALSE,FALSE
https://nichehubpro.com/articles/habit-building-system,https://nichehubpro.com/articles/habit-building-system.html,301,TRUE,FALSE,FALSE,FALSE
https://nichehubpro.com/how-to-stop-feeling-lazy-and-unmotivated/,https://nichehubpro.com/articles/why-you-have-no-motivation-anymore.html,301,TRUE,FALSE,FALSE,FALSE
https://nichehubpro.com/how-to-quit-caffeine-without-headaches/,https://nichehubpro.com/healthy-lifestyle/,301,TRUE,FALSE,FALSE,FALSE
https://nichehubpro.com/how-to-build-a-morning-routine-that-sticks/,https://nichehubpro.com/articles/morning-routine-for-mental-health.html,301,TRUE,FALSE,FALSE,FALSE
https://nichehubpro.com/how-to-plan-your-week-on-sunday/,https://nichehubpro.com/articles/how-to-create-a-productive-routine.html,301,TRUE,FALSE,FALSE,FALSE
https://nichehubpro.com/best-evening-routine-for-better-sleep-and-recovery/,https://nichehubpro.com/articles/best-evening-habits-for-better-sleep.html,301,TRUE,FALSE,FALSE,FALSE
https://nichehubpro.com/best-morning-routine-for-productivity/,https://nichehubpro.com/articles/simple-morning-habits.html,301,TRUE,FALSE,FALSE,FALSE
https://nichehubpro.com/how-to-improve-cardiovascular-health-naturally/,https://nichehubpro.com/healthy-lifestyle/,301,TRUE,FALSE,FALSE,FALSE
https://nichehubpro.com/how-to-build-self-confidence/,https://nichehubpro.com/articles/how-to-build-confidence.html,301,TRUE,FALSE,FALSE,FALSE
https://nichehubpro.com/signs-you-are-emotionally-drained/,https://nichehubpro.com/articles/why-you-feel-mentally-drained.html,301,TRUE,FALSE,FALSE,FALSE
https://nichehubpro.com/weekly-review-routine-to-stay-on-track/,https://nichehubpro.com/articles/how-to-create-a-productive-routine.html,301,TRUE,FALSE,FALSE,FALSE
https://nichehubpro.com/how-to-build-a-consistent-work-from-home-routine/,https://nichehubpro.com/articles/how-to-create-a-productive-routine.html,301,TRUE,FALSE,FALSE,FALSE
https://nichehubpro.com/how-to-be-happy-alone-without-feeling-lonely/,https://nichehubpro.com/articles/how-to-feel-happy-again.html,301,TRUE,FALSE,FALSE,FALSE
https://nichehubpro.com/benefits-of-journaling-for-mental-health/,https://nichehubpro.com/mental-wellness/,301,TRUE,FALSE,FALSE,FALSE
https://nichehubpro.com/toxic-productivity-what-it-is-and-how-to-avoid-it/,https://nichehubpro.com/articles/emotional-burnout-recovery.html,301,TRUE,FALSE,FALSE,FALSE
https://nichehubpro.com/sleep-hygiene-tips-for-better-rest/,https://nichehubpro.com/articles/how-to-sleep-better-naturally.html,301,TRUE,FALSE,FALSE,FALSE
https://nichehubpro.com/how-to-eat-more-protein-without-supplements/,https://nichehubpro.com/healthy-lifestyle/,301,TRUE,FALSE,FALSE,FALSE
https://nichehubpro.com/healing-from-childhood-trauma/,https://nichehubpro.com/mental-wellness/,301,TRUE,FALSE,FALSE,FALSE
https://nichehubpro.com/how-to-build-a-positive-mindset/,https://nichehubpro.com/articles/how-to-change-your-mindset.html,301,TRUE,FALSE,FALSE,FALSE
https://nichehubpro.com/how-to-start-running-for-beginners/,https://nichehubpro.com/healthy-lifestyle/,301,TRUE,FALSE,FALSE,FALSE
https://nichehubpro.com/what-is-cognitive-behavioral-therapy/,https://nichehubpro.com/mental-wellness/,301,TRUE,FALSE,FALSE,FALSE
https://nichehubpro.com/digital-minimalism-and-productivity/,https://nichehubpro.com/articles/how-to-detox-your-mind.html,301,TRUE,FALSE,FALSE,FALSE
https://nichehubpro.com/cold-shower-benefits-and-how-to-start/,https://nichehubpro.com/healthy-lifestyle/,301,TRUE,FALSE,FALSE,FALSE
https://nichehubpro.com/signs-of-generalized-anxiety-disorder/,https://nichehubpro.com/articles/signs-of-anxiety-disorder.html,301,TRUE,FALSE,FALSE,FALSE
https://nichehubpro.com/how-to-cope-with-grief-and-loss/,https://nichehubpro.com/mental-wellness/,301,TRUE,FALSE,FALSE,FALSE
https://nichehubpro.com/best-ways-to-improve-concentration/,https://nichehubpro.com/articles/how-to-focus-without-distractions.html,301,TRUE,FALSE,FALSE,FALSE
https://nichehubpro.com/what-is-self-compassion-and-why-it-matters/,https://nichehubpro.com/mental-wellness/,301,TRUE,FALSE,FALSE,FALSE
https://nichehubpro.com/how-to-eat-more-protein-without-supplements,https://nichehubpro.com/healthy-lifestyle/,301,TRUE,FALSE,FALSE,FALSE
https://nichehubpro.com/benefits-of-taking-probiotics-daily/,https://nichehubpro.com/healthy-lifestyle/,301,TRUE,FALSE,FALSE,FALSE
https://nichehubpro.com/how-to-set-boundaries-with-family/,https://nichehubpro.com/articles/how-to-set-healthy-boundaries.html,301,TRUE,FALSE,FALSE,FALSE
https://nichehubpro.com/how-to-avoid-distractions-while-studying/,https://nichehubpro.com/articles/how-to-focus-without-distractions.html,301,TRUE,FALSE,FALSE,FALSE
https://nichehubpro.com/how-to-stop-procrastinating/,https://nichehubpro.com/articles/how-to-stop-procrastination.html,301,TRUE,FALSE,FALSE,FALSE
https://nichehubpro.com/how-to-create-a-personal-productivity-system/,https://nichehubpro.com/articles/productivity-system.html,301,TRUE,FALSE,FALSE,FALSE
https://nichehubpro.com/how-to-deal-with-rejection/,https://nichehubpro.com/mental-wellness/,301,TRUE,FALSE,FALSE,FALSE
https://nichehubpro.com/signs-of-a-codependent-relationship/,https://nichehubpro.com/mental-wellness/,301,TRUE,FALSE,FALSE,FALSE
https://nichehubpro.com/how-to-eat-healthy-on-a-budget/,https://nichehubpro.com/healthy-lifestyle/,301,TRUE,FALSE,FALSE,FALSE
https://nichehubpro.com/anti-aging-foods-to-eat-daily/,https://nichehubpro.com/healthy-lifestyle/,301,TRUE,FALSE,FALSE,FALSE
https://nichehubpro.com/benefits-of-walking-30-minutes-a-day/,https://nichehubpro.com/articles/benefits-of-walking-daily.html,301,TRUE,FALSE,FALSE,FALSE
https://nichehubpro.com/how-to-improve-sleep-quality-naturally/,https://nichehubpro.com/articles/how-to-sleep-better-naturally.html,301,TRUE,FALSE,FALSE,FALSE
https://nichehubpro.com/what-causes-brain-fog-and-how-to-clear-it/,https://nichehubpro.com/articles/why-you-feel-mentally-drained.html,301,TRUE,FALSE,FALSE,FALSE
https://nichehubpro.com/best-anti-inflammatory-foods-to-eat-daily/,https://nichehubpro.com/healthy-lifestyle/,301,TRUE,FALSE,FALSE,FALSE
https://nichehubpro.com/how-to-build-a-home-workout-routine/,https://nichehubpro.com/healthy-lifestyle/,301,TRUE,FALSE,FALSE,FALSE
https://nichehubpro.com/how-to-meditate-when-you-cant-sit-still/,https://nichehubpro.com/articles/how-to-relax-your-mind.html,301,TRUE,FALSE,FALSE,FALSE
https://nichehubpro.com/grounding-techniques-for-anxiety/,https://nichehubpro.com/articles/how-to-calm-anxiety-quickly.html,301,TRUE,FALSE,FALSE,FALSE
https://nichehubpro.com/how-to-focus-better-when-working-from-home/,https://nichehubpro.com/articles/how-to-focus-without-distractions.html,301,TRUE,FALSE,FALSE,FALSE
https://nichehubpro.com/perfectionism-and-anxiety-how-to-break-the-cycle/,https://nichehubpro.com/articles/how-to-stop-worrying.html,301,TRUE,FALSE,FALSE,FALSE
https://nichehubpro.com/loneliness-and-mental-health-connection/,https://nichehubpro.com/mental-wellness/,301,TRUE,FALSE,FALSE,FALSE
https://nichehubpro.com/how-to-stop-feeling-lazy-and-unmotivated,https://nichehubpro.com/articles/why-you-have-no-motivation-anymore.html,301,TRUE,FALSE,FALSE,FALSE
https://nichehubpro.com/best-productivity-apps-for-android-2026/,https://nichehubpro.com/productivity/,301,TRUE,FALSE,FALSE,FALSE
https://nichehubpro.com/signs-of-unresolved-trauma/,https://nichehubpro.com/mental-wellness/,301,TRUE,FALSE,FALSE,FALSE
https://nichehubpro.com/best-focus-apps-for-work-2026/,https://nichehubpro.com/productivity/,301,TRUE,FALSE,FALSE,FALSE
https://nichehubpro.com/how-to-practice-box-breathing-for-stress-relief/,https://nichehubpro.com/articles/how-to-calm-anxiety-quickly.html,301,TRUE,FALSE,FALSE,FALSE
https://nichehubpro.com/morning-habits-of-highly-productive-people/,https://nichehubpro.com/articles/simple-morning-habits.html,301,TRUE,FALSE,FALSE,FALSE
https://nichehubpro.com/how-to-overcome-imposter-syndrome/,https://nichehubpro.com/mental-wellness/,301,TRUE,FALSE,FALSE,FALSE
https://nichehubpro.com/signs-of-high-functioning-anxiety/,https://nichehubpro.com/articles/signs-of-anxiety-disorder.html,301,TRUE,FALSE,FALSE,FALSE
https://nichehubpro.com/benefits-of-drinking-lemon-water-in-the-morning/,https://nichehubpro.com/healthy-lifestyle/,301,TRUE,FALSE,FALSE,FALSE
https://nichehubpro.com/terms-of-service/,https://nichehubpro.com/terms/,301,TRUE,FALSE,FALSE,FALSE
https://nichehubpro.com/how-to-improve-gut-health-in-30-days/,https://nichehubpro.com/healthy-lifestyle/,301,TRUE,FALSE,FALSE,FALSE
https://nichehubpro.com/signs-of-depression-in-adults,https://nichehubpro.com/articles/signs-of-mental-exhaustion.html,301,TRUE,FALSE,FALSE,FALSE
https://nichehubpro.com/benefits-of-spending-less-time-on-your-phone/,https://nichehubpro.com/mental-wellness/,301,TRUE,FALSE,FALSE,FALSE
https://nichehubpro.com/time-management-tips-for-students/,https://nichehubpro.com/articles/time-management-tips.html,301,TRUE,FALSE,FALSE,FALSE
https://nichehubpro.com/how-to-stop-snacking-at-night/,https://nichehubpro.com/healthy-lifestyle/,301,TRUE,FALSE,FALSE,FALSE
https://nichehubpro.com/how-to-deal-with-rejection,https://nichehubpro.com/mental-wellness/,301,TRUE,FALSE,FALSE,FALSE
https://nichehubpro.com/how-to-manage-anger-without-suppressing-it/,https://nichehubpro.com/mental-wellness/,301,TRUE,FALSE,FALSE,FALSE
https://nichehubpro.com/benefits-of-drinking-lemon-water-in-the-morning,https://nichehubpro.com/healthy-lifestyle/,301,TRUE,FALSE,FALSE,FALSE
https://nichehubpro.com/how-to-manage-anger-effectively/,https://nichehubpro.com/mental-wellness/,301,TRUE,FALSE,FALSE,FALSE
https://nichehubpro.com/how-to-journal-for-mental-health/,https://nichehubpro.com/mental-wellness/,301,TRUE,FALSE,FALSE,FALSE
https://nichehubpro.com/magnesium-benefits-for-sleep-and-anxiety/,https://nichehubpro.com/articles/how-to-sleep-better-naturally.html,301,TRUE,FALSE,FALSE,FALSE
https://nichehubpro.com/how-to-use-notion-for-productivity/,https://nichehubpro.com/articles/productivity-system.html,301,TRUE,FALSE,FALSE,FALSE
https://nichehubpro.com/signs-of-burnout-and-how-to-recover/,https://nichehubpro.com/articles/signs-of-mental-burnout-and-how-to-recover.html,301,TRUE,FALSE,FALSE,FALSE
https://nichehubpro.com/how-to-deal-with-grief-and-loss/,https://nichehubpro.com/mental-wellness/,301,TRUE,FALSE,FALSE,FALSE
https://nichehubpro.com/how-to-improve-your-metabolism-naturally/,https://nichehubpro.com/healthy-lifestyle/,301,TRUE,FALSE,FALSE,FALSE
https://nichehubpro.com/how-to-work-smarter-not-harder/,https://nichehubpro.com/productivity/,301,TRUE,FALSE,FALSE,FALSE
https://nichehubpro.com/best-foods-to-eat-before-bed/,https://nichehubpro.com/healthy-lifestyle/,301,TRUE,FALSE,FALSE,FALSE
https://nichehubpro.com/best-books-on-productivity-and-focus/,https://nichehubpro.com/productivity/,301,TRUE,FALSE,FALSE,FALSE
https://nichehubpro.com/how-to-reduce-stress-naturally/,https://nichehubpro.com/articles/how-to-reduce-stress-naturally.html,301,TRUE,FALSE,FALSE,FALSE
https://nichehubpro.com/how-to-build-discipline-without-motivation/,https://nichehubpro.com/articles/how-to-build-discipline.html,301,TRUE,FALSE,FALSE,FALSE
https://nichehubpro.com/how-to-build-emotional-resilience/,https://nichehubpro.com/articles/how-to-improve-emotional-resilience.html,301,TRUE,FALSE,FALSE,FALSE
https://nichehubpro.com/signs-you-have-abandonment-issues/,https://nichehubpro.com/mental-wellness/,301,TRUE,FALSE,FALSE,FALSE
https://nichehubpro.com/inbox-zero-method-explained/,https://nichehubpro.com/productivity/,301,TRUE,FALSE,FALSE,FALSE
https://nichehubpro.com/how-to-set-healthy-boundaries/,https://nichehubpro.com/articles/how-to-set-healthy-boundaries.html,301,TRUE,FALSE,FALSE,FALSE
https://nichehubpro.com/best-free-tools-for-productivity-in-2025/,https://nichehubpro.com/productivity/,301,TRUE,FALSE,FALSE,FALSE
https://nichehubpro.com/calendar-blocking-vs-to-do-lists-which-is-better/,https://nichehubpro.com/articles/time-blocking-for-beginners.html,301,TRUE,FALSE,FALSE,FALSE
https://nichehubpro.com/how-to-create-a-healthy-grocery-list-on-a-budget/,https://nichehubpro.com/healthy-lifestyle/,301,TRUE,FALSE,FALSE,FALSE
https://nichehubpro.com/how-to-balance-work-and-personal-life/,https://nichehubpro.com/articles/life-balance-habits.html,301,TRUE,FALSE,FALSE,FALSE
https://nichehubpro.com/toxic-positivity-and-how-to-avoid-it/,https://nichehubpro.com/mental-wellness/,301,TRUE,FALSE,FALSE,FALSE
https://nichehubpro.com/how-to-get-enough-magnesium-from-food/,https://nichehubpro.com/healthy-lifestyle/,301,TRUE,FALSE,FALSE,FALSE
https://nichehubpro.com/benefits-of-yoga-for-mental-health/,https://nichehubpro.com/healthy-lifestyle/,301,TRUE,FALSE,FALSE,FALSE
https://nichehubpro.com/how-to-reduce-cortisol-naturally/,https://nichehubpro.com/articles/how-to-reduce-stress-naturally.html,301,TRUE,FALSE,FALSE,FALSE
https://nichehubpro.com/best-note-taking-apps-2026/,https://nichehubpro.com/productivity/,301,TRUE,FALSE,FALSE,FALSE
https://nichehubpro.com/best-foods-for-brain-health/,https://nichehubpro.com/healthy-lifestyle/,301,TRUE,FALSE,FALSE,FALSE
https://nichehubpro.com/how-to-set-boundaries-with-family,https://nichehubpro.com/articles/how-to-set-healthy-boundaries.html,301,TRUE,FALSE,FALSE,FALSE
https://nichehubpro.com/how-to-sleep-8-hours-and-wake-up-refreshed/,https://nichehubpro.com/articles/how-to-sleep-better-naturally.html,301,TRUE,FALSE,FALSE,FALSE
https://nichehubpro.com/single-tasking-vs-multitasking-benefits/,https://nichehubpro.com/articles/deep-work-vs-multitasking.html,301,TRUE,FALSE,FALSE,FALSE
https://nichehubpro.com/second-brain-method-explained/,https://nichehubpro.com/articles/best-productivity-systems-explained.html,301,TRUE,FALSE,FALSE,FALSE
https://nichehubpro.com/how-to-reduce-sugar-cravings-naturally/,https://nichehubpro.com/healthy-lifestyle/,301,TRUE,FALSE,FALSE,FALSE
https://nichehubpro.com/benefits-of-therapy-and-counseling/,https://nichehubpro.com/mental-wellness/,301,TRUE,FALSE,FALSE,FALSE
https://nichehubpro.com/benefits-of-drinking-green-tea-daily/,https://nichehubpro.com/healthy-lifestyle/,301,TRUE,FALSE,FALSE,FALSE
https://nichehubpro.com/how-to-let-go-of-the-past,https://nichehubpro.com/mental-wellness/,301,TRUE,FALSE,FALSE,FALSE
https://nichehubpro.com/how-to-let-go-of-the-past/,https://nichehubpro.com/mental-wellness/,301,TRUE,FALSE,FALSE,FALSE
https://nichehubpro.com/healthy-meal-prep-for-beginners/,https://nichehubpro.com/healthy-lifestyle/,301,TRUE,FALSE,FALSE,FALSE
https://nichehubpro.com/time-blocking-vs-time-boxing-explained,https://nichehubpro.com/articles/time-blocking-for-beginners.html,301,TRUE,FALSE,FALSE,FALSE
https://nichehubpro.com/how-to-reduce-screen-time-before-bed/,https://nichehubpro.com/articles/how-to-detox-your-mind.html,301,TRUE,FALSE,FALSE,FALSE
https://nichehubpro.com/best-productivity-apps-for-2026/,https://nichehubpro.com/productivity/,301,TRUE,FALSE,FALSE,FALSE
https://nichehubpro.com/best-herbs-for-stress-and-anxiety-relief/,https://nichehubpro.com/articles/how-to-reduce-stress-naturally.html,301,TRUE,FALSE,FALSE,FALSE
https://nichehubpro.com/how-to-improve-mental-wellness,https://nichehubpro.com/mental-wellness/,301,TRUE,FALSE,FALSE,FALSE
https://nichehubpro.com/how-to-wake-up-early-and-feel-energized/,https://nichehubpro.com/articles/simple-morning-habits.html,301,TRUE,FALSE,FALSE,FALSE
https://nichehubpro.com/how-to-build-a-workout-habit-that-sticks/,https://nichehubpro.com/healthy-lifestyle/,301,TRUE,FALSE,FALSE,FALSE
https://nichehubpro.com/how-to-build-a-personal-knowledge-management-system/,https://nichehubpro.com/productivity/,301,TRUE,FALSE,FALSE,FALSE
https://nichehubpro.com/how-to-journal-for-mental-health,https://nichehubpro.com/mental-wellness/,301,TRUE,FALSE,FALSE,FALSE
https://nichehubpro.com/benefits-of-spending-time-in-nature/,https://nichehubpro.com/healthy-lifestyle/,301,TRUE,FALSE,FALSE,FALSE
https://nichehubpro.com/how-to-improve-your-energy-levels-naturally,https://nichehubpro.com/articles/how-to-improve-energy-naturally.html,301,TRUE,FALSE,FALSE,FALSE
https://nichehubpro.com/best-stretches-for-lower-back-pain/,https://nichehubpro.com/articles/daily-stretching-routine-for-beginners.html,301,TRUE,FALSE,FALSE,FALSE
https://nichehubpro.com/what-causes-low-self-esteem-and-how-to-fix-it/,https://nichehubpro.com/articles/how-to-build-confidence.html,301,TRUE,FALSE,FALSE,FALSE
https://nichehubpro.com/how-to-track-your-goals-effectively/,https://nichehubpro.com/articles/how-to-build-discipline.html,301,TRUE,FALSE,FALSE,FALSE
https://nichehubpro.com/how-to-plan-your-week-effectively/,https://nichehubpro.com/articles/how-to-create-a-productive-routine.html,301,TRUE,FALSE,FALSE,FALSE
https://nichehubpro.com/emotional-regulation-techniques/,https://nichehubpro.com/articles/how-to-feel-in-control-of-your-mind.html,301,TRUE,FALSE,FALSE,FALSE
https://nichehubpro.com/signs-of-depression-you-should-not-ignore/,https://nichehubpro.com/mental-wellness/,301,TRUE,FALSE,FALSE,FALSE
https://nichehubpro.com/dopamine-detox-what-it-is-and-how-to-do-it/,https://nichehubpro.com/articles/how-to-detox-your-mind.html,301,TRUE,FALSE,FALSE,FALSE
https://nichehubpro.com/how-to-improve-your-posture-while-sitting/,https://nichehubpro.com/healthy-lifestyle/,301,TRUE,FALSE,FALSE,FALSE
https://nichehubpro.com/coping-with-loneliness/,https://nichehubpro.com/mental-wellness/,301,TRUE,FALSE,FALSE,FALSE
https://nichehubpro.com/how-to-set-goals-you-will-actually-achieve/,https://nichehubpro.com/articles/how-to-build-discipline.html,301,TRUE,FALSE,FALSE,FALSE
https://nichehubpro.com/dopamine-detox-what-it-is-and-how-to-do-it,https://nichehubpro.com/articles/how-to-detox-your-mind.html,301,TRUE,FALSE,FALSE,FALSE
https://nichehubpro.com/how-to-create-a-productive-home-office-setup/,https://nichehubpro.com/productivity/,301,TRUE,FALSE,FALSE,FALSE
https://nichehubpro.com/stretching-routine-for-desk-workers/,https://nichehubpro.com/articles/daily-stretching-routine-for-beginners.html,301,TRUE,FALSE,FALSE,FALSE
https://nichehubpro.com/how-to-avoid-burnout-as-an-entrepreneur/,https://nichehubpro.com/articles/emotional-burnout-recovery.html,301,TRUE,FALSE,FALSE,FALSE
https://nichehubpro.com/how-to-reduce-inflammation-with-diet/,https://nichehubpro.com/healthy-lifestyle/,301,TRUE,FALSE,FALSE,FALSE
https://nichehubpro.com/how-to-build-a-healthy-bedtime-routine/,https://nichehubpro.com/articles/how-to-sleep-better-naturally.html,301,TRUE,FALSE,FALSE,FALSE
https://nichehubpro.com/how-to-stop-overthinking-at-night/,https://nichehubpro.com/articles/how-to-stop-overthinking-at-night.html,301,TRUE,FALSE,FALSE,FALSE
https://nichehubpro.com/how-to-fix-a-bad-sleep-schedule/,https://nichehubpro.com/articles/how-to-sleep-better-naturally.html,301,TRUE,FALSE,FALSE,FALSE
https://nichehubpro.com/how-to-build-emotional-resilience-2/,https://nichehubpro.com/articles/how-to-improve-emotional-resilience.html,301,TRUE,FALSE,FALSE,FALSE
https://nichehubpro.com/how-to-improve-your-energy-levels-naturally/,https://nichehubpro.com/articles/how-to-improve-energy-naturally.html,301,TRUE,FALSE,FALSE,FALSE
https://nichehubpro.com/how-to-use-affirmations-that-actually-work/,https://nichehubpro.com/mental-wellness/,301,TRUE,FALSE,FALSE,FALSE
https://nichehubpro.com/best-free-productivity-apps-2026/,https://nichehubpro.com/productivity/,301,TRUE,FALSE,FALSE,FALSE
https://nichehubpro.com/how-to-build-healthy-eating-habits/,https://nichehubpro.com/healthy-lifestyle/,301,TRUE,FALSE,FALSE,FALSE
https://nichehubpro.com/how-to-drink-more-water-daily/,https://nichehubpro.com/healthy-lifestyle/,301,TRUE,FALSE,FALSE,FALSE
https://nichehubpro.com/best-morning-drinks-for-energy/,https://nichehubpro.com/articles/how-to-improve-energy-naturally.html,301,TRUE,FALSE,FALSE,FALSE
https://nichehubpro.com/signs-you-have-abandonment-issues,https://nichehubpro.com/mental-wellness/,301,TRUE,FALSE,FALSE,FALSE
https://nichehubpro.com/privacy-policy-2/,https://nichehubpro.com/privacy/,301,TRUE,FALSE,FALSE,FALSE
https://nichehubpro.com/how-to-cope-with-change-and-uncertainty/,https://nichehubpro.com/mental-wellness/,301,TRUE,FALSE,FALSE,FALSE
https://nichehubpro.com/how-to-build-emotional-resilience-2,https://nichehubpro.com/articles/how-to-improve-emotional-resilience.html,301,TRUE,FALSE,FALSE,FALSE
https://nichehubpro.com/breathing-exercises-for-anxiety-relief/,https://nichehubpro.com/articles/how-to-calm-anxiety-quickly.html,301,TRUE,FALSE,FALSE,FALSE
https://nichehubpro.com/weekly-review-system-for-productivity/,https://nichehubpro.com/articles/how-to-create-a-productive-routine.html,301,TRUE,FALSE,FALSE,FALSE
https://nichehubpro.com/how-to-overcome-perfectionism/,https://nichehubpro.com/articles/how-to-stop-worrying.html,301,TRUE,FALSE,FALSE,FALSE
https://nichehubpro.com/best-foods-for-healthy-skin-and-hair/,https://nichehubpro.com/healthy-lifestyle/,301,TRUE,FALSE,FALSE,FALSE
https://nichehubpro.com/how-to-start-exercising-when-out-of-shape/,https://nichehubpro.com/healthy-lifestyle/,301,TRUE,FALSE,FALSE,FALSE
https://nichehubpro.com/mindfulness-exercises-for-beginners/,https://nichehubpro.com/articles/how-to-relax-your-mind.html,301,TRUE,FALSE,FALSE,FALSE
https://nichehubpro.com/how-to-create-a-distraction-free-environment/,https://nichehubpro.com/articles/how-to-focus-without-distractions.html,301,TRUE,FALSE,FALSE,FALSE
https://nichehubpro.com/best-journaling-prompts-for-productivity/,https://nichehubpro.com/productivity/,301,TRUE,FALSE,FALSE,FALSE
https://nichehubpro.com/how-to-improve-mental-wellness/,https://nichehubpro.com/mental-wellness/,301,TRUE,FALSE,FALSE,FALSE
https://nichehubpro.com/anxiety-vs-stress-what-is-the-difference/,https://nichehubpro.com/articles/signs-of-anxiety-disorder.html,301,TRUE,FALSE,FALSE,FALSE
https://nichehubpro.com/healthy-meal-prep-ideas-for-the-week/,https://nichehubpro.com/healthy-lifestyle/,301,TRUE,FALSE,FALSE,FALSE
https://nichehubpro.com/how-to-practice-gratitude-daily/,https://nichehubpro.com/mental-wellness/,301,TRUE,FALSE,FALSE,FALSE
https://nichehubpro.com/best-productivity-apps-for-2026,https://nichehubpro.com/productivity/,301,TRUE,FALSE,FALSE,FALSE
https://nichehubpro.com/time-blocking-vs-time-boxing-explained/,https://nichehubpro.com/articles/time-blocking-for-beginners.html,301,TRUE,FALSE,FALSE,FALSE
https://nichehubpro.com/how-to-overcome-analysis-paralysis/,https://nichehubpro.com/articles/how-to-stop-overthinking.html,301,TRUE,FALSE,FALSE,FALSE
https://nichehubpro.com/inbox-zero-method-for-email-management/,https://nichehubpro.com/productivity/,301,TRUE,FALSE,FALSE,FALSE
https://nichehubpro.com/how-to-set-smart-goals-step-by-step/,https://nichehubpro.com/articles/how-to-build-discipline.html,301,TRUE,FALSE,FALSE,FALSE
https://nichehubpro.com/how-to-wake-up-early-and-feel-good/,https://nichehubpro.com/articles/simple-morning-habits.html,301,TRUE,FALSE,FALSE,FALSE
https://nichehubpro.com/signs-of-high-functioning-anxiety,https://nichehubpro.com/articles/signs-of-anxiety-disorder.html,301,TRUE,FALSE,FALSE,FALSE
https://nichehubpro.com/loneliness-and-mental-health-connection,https://nichehubpro.com/mental-wellness/,301,TRUE,FALSE,FALSE,FALSE
https://nichehubpro.com/what-is-circadian-rhythm-and-how-to-fix-it/,https://nichehubpro.com/articles/how-to-sleep-better-naturally.html,301,TRUE,FALSE,FALSE,FALSE
https://nichehubpro.com/how-to-detox-your-body-naturally/,https://nichehubpro.com/healthy-lifestyle/,301,TRUE,FALSE,FALSE,FALSE
https://nichehubpro.com/what-causes-brain-fog-and-how-to-clear-it,https://nichehubpro.com/articles/why-you-feel-mentally-drained.html,301,TRUE,FALSE,FALSE,FALSE
https://nichehubpro.com/how-to-get-enough-vitamin-d-naturally/,https://nichehubpro.com/healthy-lifestyle/,301,TRUE,FALSE,FALSE,FALSE
https://nichehubpro.com/signs-of-social-burnout/,https://nichehubpro.com/articles/signs-of-mental-burnout-and-how-to-recover.html,301,TRUE,FALSE,FALSE,FALSE
https://nichehubpro.com/signs-you-are-emotionally-drained,https://nichehubpro.com/articles/why-you-feel-mentally-drained.html,301,TRUE,FALSE,FALSE,FALSE
https://nichehubpro.com/how-to-stop-self-sabotaging/,https://nichehubpro.com/articles/how-to-stop-self-sabotaging.html,301,TRUE,FALSE,FALSE,FALSE
https://nichehubpro.com/how-to-stop-worrying-about-the-future/,https://nichehubpro.com/articles/how-to-stop-worrying-about-the-future.html,301,TRUE,FALSE,FALSE,FALSE
https://nichehubpro.com/how-to-sleep-better-with-anxiety/,https://nichehubpro.com/articles/how-to-sleep-better-naturally.html,301,TRUE,FALSE,FALSE,FALSE
https://nichehubpro.com/how-to-stay-focused-working-from-home/,https://nichehubpro.com/articles/how-to-focus-without-distractions.html,301,TRUE,FALSE,FALSE,FALSE
https://nichehubpro.com/how-to-practice-self-compassion/,https://nichehubpro.com/mental-wellness/,301,TRUE,FALSE,FALSE,FALSE
https://nichehubpro.com/how-to-create-a-healthy-grocery-list-on-a-budget,https://nichehubpro.com/healthy-lifestyle/,301,TRUE,FALSE,FALSE,FALSE
https://nichehubpro.com/how-to-improve-self-awareness/,https://nichehubpro.com/mental-wellness/,301,TRUE,FALSE,FALSE,FALSE
https://nichehubpro.com/how-to-stop-emotional-eating/,https://nichehubpro.com/healthy-lifestyle/,301,TRUE,FALSE,FALSE,FALSE
https://nichehubpro.com/batching-tasks-to-save-time/,https://nichehubpro.com/articles/how-to-create-a-productive-routine.html,301,TRUE,FALSE,FALSE,FALSE
https://nichehubpro.com/how-to-prioritize-tasks-when-everything-feels-urgent-2/,https://nichehubpro.com/articles/time-management-tips.html,301,TRUE,FALSE,FALSE,FALSE
https://nichehubpro.com/how-to-start-running-from-zero/,https://nichehubpro.com/healthy-lifestyle/,301,TRUE,FALSE,FALSE,FALSE
https://nichehubpro.com/how-to-reduce-screen-time-effectively/,https://nichehubpro.com/articles/how-to-detox-your-mind.html,301,TRUE,FALSE,FALSE,FALSE
https://nichehubpro.com/how-to-stay-motivated-when-you-feel-like-giving-up/,https://nichehubpro.com/articles/how-to-stay-motivated.html,301,TRUE,FALSE,FALSE,FALSE
https://nichehubpro.com/how-to-build-confidence-at-work/,https://nichehubpro.com/articles/how-to-build-confidence.html,301,TRUE,FALSE,FALSE,FALSE
https://nichehubpro.com/start-here/,https://nichehubpro.com/about/,301,TRUE,FALSE,FALSE,FALSE
https://nichehubpro.com/how-to-build-discipline-without-motivation,https://nichehubpro.com/articles/how-to-build-discipline.html,301,TRUE,FALSE,FALSE,FALSE
https://nichehubpro.com/how-to-write-faster-and-better/,https://nichehubpro.com/productivity/,301,TRUE,FALSE,FALSE,FALSE
https://nichehubpro.com/how-to-talk-to-someone-about-their-mental-health/,https://nichehubpro.com/mental-wellness/,301,TRUE,FALSE,FALSE,FALSE
https://nichehubpro.com/social-anxiety-tips-for-adults/,https://nichehubpro.com/mental-wellness/,301,TRUE,FALSE,FALSE,FALSE
https://nichehubpro.com/how-to-find-a-therapist-that-is-right-for-you/,https://nichehubpro.com/mental-wellness/,301,TRUE,FALSE,FALSE,FALSE
https://nichehubpro.com/signs-of-emotional-exhaustion/,https://nichehubpro.com/articles/signs-of-mental-exhaustion.html,301,TRUE,FALSE,FALSE,FALSE
https://nichehubpro.com/best-habits-for-mental-health/,https://nichehubpro.com/articles/daily-habits-for-better-mental-health.html,301,TRUE,FALSE,FALSE,FALSE
https://nichehubpro.com/time-management-strategies-for-entrepreneurs/,https://nichehubpro.com/articles/time-management-tips.html,301,TRUE,FALSE,FALSE,FALSE
https://nichehubpro.com/how-much-water-should-you-drink-per-day/,https://nichehubpro.com/healthy-lifestyle/,301,TRUE,FALSE,FALSE,FALSE
https://nichehubpro.com/best-supplements-for-energy-and-focus/,https://nichehubpro.com/healthy-lifestyle/,301,TRUE,FALSE,FALSE,FALSE
https://nichehubpro.com/best-anti-inflammatory-breakfast-ideas/,https://nichehubpro.com/healthy-lifestyle/,301,TRUE,FALSE,FALSE,FALSE
https://nichehubpro.com/how-to-overcome-social-anxiety-at-work,https://nichehubpro.com/mental-wellness/,301,TRUE,FALSE,FALSE,FALSE
https://nichehubpro.com/how-to-start-running-for-beginners,https://nichehubpro.com/healthy-lifestyle/,301,TRUE,FALSE,FALSE,FALSE
https://nichehubpro.com/how-to-build-a-sustainable-workout-routine/,https://nichehubpro.com/healthy-lifestyle/,301,TRUE,FALSE,FALSE,FALSE
https://nichehubpro.com/how-to-stop-negative-self-talk/,https://nichehubpro.com/articles/how-to-stop-negative-thoughts.html,301,TRUE,FALSE,FALSE,FALSE
https://nichehubpro.com/best-evening-habits-for-better-sleep/,https://nichehubpro.com/articles/best-evening-habits-for-better-sleep.html,301,TRUE,FALSE,FALSE,FALSE
https://nichehubpro.com/best-focus-apps-for-work-2026,https://nichehubpro.com/productivity/,301,TRUE,FALSE,FALSE,FALSE
https://nichehubpro.com/how-to-stop-people-pleasing/,https://nichehubpro.com/articles/how-to-set-healthy-boundaries.html,301,TRUE,FALSE,FALSE,FALSE
https://nichehubpro.com/best-superfoods-to-add-to-your-diet/,https://nichehubpro.com/healthy-lifestyle/,301,TRUE,FALSE,FALSE,FALSE
https://nichehubpro.com/best-ways-to-improve-your-focus-and-attention/,https://nichehubpro.com/articles/how-to-focus-without-distractions.html,301,TRUE,FALSE,FALSE,FALSE
https://nichehubpro.com/how-to-lower-cortisol-levels-naturally/,https://nichehubpro.com/articles/how-to-reduce-stress-naturally.html,301,TRUE,FALSE,FALSE,FALSE
https://nichehubpro.com/free-guide,https://nichehubpro.com/ebook/,301,TRUE,FALSE,FALSE,FALSE
https://nichehubpro.com/how-to-improve-your-digestion-naturally/,https://nichehubpro.com/healthy-lifestyle/,301,TRUE,FALSE,FALSE,FALSE
https://nichehubpro.com/best-ways-to-improve-concentration,https://nichehubpro.com/articles/how-to-focus-without-distractions.html,301,TRUE,FALSE,FALSE,FALSE
https://nichehubpro.com/how-to-stay-healthy-when-working-from-home/,https://nichehubpro.com/healthy-lifestyle/,301,TRUE,FALSE,FALSE,FALSE
https://nichehubpro.com/best-ways-to-learn-new-skills-faster/,https://nichehubpro.com/productivity/,301,TRUE,FALSE,FALSE,FALSE
https://nichehubpro.com/signs-of-generalized-anxiety-disorder,https://nichehubpro.com/articles/signs-of-anxiety-disorder.html,301,TRUE,FALSE,FALSE,FALSE
https://nichehubpro.com/benefits-of-taking-probiotics-daily,https://nichehubpro.com/healthy-lifestyle/,301,TRUE,FALSE,FALSE,FALSE
https://nichehubpro.com/best-productivity-apps-for-students-2026/,https://nichehubpro.com/productivity/,301,TRUE,FALSE,FALSE,FALSE
https://nichehubpro.com/how-to-stop-checking-your-phone-constantly/,https://nichehubpro.com/articles/how-to-detox-your-mind.html,301,TRUE,FALSE,FALSE,FALSE
https://nichehubpro.com/how-to-improve-your-hormonal-health-naturally/,https://nichehubpro.com/healthy-lifestyle/,301,TRUE,FALSE,FALSE,FALSE
https://nichehubpro.com/how-to-reduce-decision-fatigue-at-work/,https://nichehubpro.com/articles/how-to-focus-without-distractions.html,301,TRUE,FALSE,FALSE,FALSE
https://nichehubpro.com/benefits-of-magnesium-for-sleep-and-health-2,https://nichehubpro.com/articles/how-to-sleep-better-naturally.html,301,TRUE,FALSE,FALSE,FALSE
